答案	模型預測	內文
[1, 0, 0, 0, 0]	[0, 0, 1, 1, 0]	我的憤怒都是為了讓我跳脫舊有慣性 讓我找尋新的方法突破	0.4894864857196808 0.47654980421066284 0.6066690683364868 0.5767205357551575 0.4091707766056061
[1, 0, 0, 0, 0]	[0, 0, 1, 1, 0]	我的激動都是因為我對於生命有無限熱情 我太熱愛我的生命了！	0.49240028858184814 0.4642728567123413 0.6053892970085144 0.5825299024581909 0.416818767786026
[1, 0, 0, 0, 0]	[0, 0, 1, 1, 0]	別人的話語讓我憤怒都是為了提醒我 我又將目光放到別人身上了 要把自己的注意力放回自己心上 不要再一直關照別人啦！	0.48729008436203003 0.46062859892845154 0.6237391829490662 0.579218327999115 0.41399914026260376
[1, 0, 0, 0, 0]	[0, 0, 1, 1, 0]	我的憤怒如此美好！樣的憤怒充滿著無限創化力更動能啊！	0.49545159935951233 0.47310832142829895 0.6213651299476624 0.5754632353782654 0.42207419872283936
[0, 1, 0, 0, 0]	[0, 0, 1, 1, 0]	我都是平常心	0.49014464020729065 0.49176621437072754 0.6052805781364441 0.5813721418380737 0.4402756989002228
[0, 1, 0, 0, 0]	[0, 0, 1, 1, 0]	我安於現狀	0.47784852981567383 0.4815766215324402 0.6232131719589233 0.577032744884491 0.4466214179992676
[0, 1, 0, 0, 0]	[0, 0, 1, 1, 0]	其實我不在意	0.4924847483634949 0.4985761046409607 0.6173075437545776 0.5883062481880188 0.4492330253124237
[0, 1, 0, 0, 0]	[0, 0, 1, 1, 0]	其實我不在意	0.4924847483634949 0.4985761046409607 0.6173075437545776 0.5883062481880188 0.4492330253124237
[0, 1, 0, 0, 0]	[0, 0, 1, 1, 0]	我平常心	0.4705953001976013 0.4919631779193878 0.6185457706451416 0.5914491415023804 0.4283882677555084
[1, 1, 0, 0, 0]	[0, 0, 1, 1, 0]	我我安於現狀	0.4992099404335022 0.4852387607097626 0.627668559551239 0.5810296535491943 0.45168834924697876
[0, 1, 1, 0, 0]	[0, 0, 1, 1, 0]	我是個做事認真的人 總是全力以赴 不會馬虎。	0.47544434666633606 0.4545857906341553 0.6001527905464172 0.5667992234230042 0.4250723719596863
[0, 0, 1, 0, 0]	[0, 0, 1, 1, 0]	對方案 應有全盤全面的了解才開始進行。	0.4659423530101776 0.46098026633262634 0.6153929233551025 0.5903001427650452 0.4281768500804901
[0, 1, 0, 1, 0]	[0, 0, 1, 1, 0]	半途而廢 也可以叫做多方嘗試 與同年齡的相比 你的體驗多上許多。	0.4741782546043396 0.4667966365814209 0.6210607290267944 0.5710256099700928 0.43664613366127014
[0, 0, 0, 1, 0]	[0, 0, 1, 1, 0]	而走了一半的路 也是讓你趁早認清「什麼適合你？什麼不適合？」	0.47814226150512695 0.48034486174583435 0.6011620759963989 0.5513493418693542 0.425460547208786
[0, 0, 0, 1, 1]	[0, 0, 1, 1, 0]	無論你走了多少 肯定在你身上留下了寶貴的經驗。	0.4897085726261139 0.481082022190094 0.6270213723182678 0.5750152468681335 0.43203359842300415
[0, 0, 0, 1, 0]	[0, 0, 1, 1, 0]	而現在的你 有著運動員的精神、對電腦軟體輕鬆上手的天份、旅行家的膽試、行銷企劃的靈巧思維	0.4809677302837372 0.47144821286201477 0.6260243058204651 0.5708067417144775 0.42034074664115906
[0, 0, 0, 0, 1]	[0, 0, 1, 1, 0]	我明白自己的不安與恐懼後 我試圖在種感覺發生時 告訴自己要站在他人位置思考他會有何感想	0.4828338325023651 0.4726908504962921 0.6143777370452881 0.5608710050582886 0.42916736006736755
[1, 0, 0, 0, 1]	[0, 0, 1, 1, 0]	我把敏感的特質當作觀察他人的隱形工具 樣不易顯現出敏感帶來的負面情緒	0.48396602272987366 0.4621046185493469 0.6181973814964294 0.5667579770088196 0.42393025755882263
[0, 0, 0, 1, 1]	[0, 0, 1, 1, 0]	我在每一次責罵自己前會先靜下來深呼吸思考	0.47428444027900696 0.47330066561698914 0.6157622337341309 0.5849367380142212 0.44004136323928833
[0, 0, 0, 0, 1]	[0, 0, 1, 1, 0]	在意識到自己的不安與控制慾 在下一次想要去命令他人時我學會去告訴自己不要管麼多	0.48290741443634033 0.4660707414150238 0.6058813333511353 0.5689272284507751 0.42548730969429016
[0, 1, 1, 0, 0]	[0, 0, 1, 1, 0]	我是個重感情的人	0.4844960868358612 0.4451483488082886 0.6193715929985046 0.5651063323020935 0.422145813703537
[0, 1, 0, 1, 0]	[0, 0, 1, 1, 0]	我能包容任何聲音	0.479339599609375 0.4831163287162781 0.6348475813865662 0.564629077911377 0.4653332531452179
[1, 1, 0, 0, 0]	[0, 0, 1, 1, 0]	我也需要人陪伴	0.4907410740852356 0.47885212302207947 0.6245898604393005 0.5621211528778076 0.4431905448436737
[0, 1, 0, 0, 0]	[0, 0, 1, 1, 0]	我想找一個不嘮叨的人陪我整理雜物	0.4830484688282013 0.4676820933818817 0.6080151796340942 0.5577452778816223 0.4287574589252472
[1, 0, 0, 0, 0]	[0, 0, 1, 1, 0]	我必須清楚且堅定的表達我的意見與立場 學習試著放手讓團隊運行 相信一切都是宇宙最好的安排	0.4797198176383972 0.461087703704834 0.6169419884681702 0.5698365569114685 0.42849797010421753
[1, 0, 0, 0, 1]	[0, 0, 1, 1, 0]	因為樣會很多技能而且是很有效率的完成	0.4859214723110199 0.4575754404067993 0.6033107042312622 0.5718843936920166 0.43099546432495117
[1, 0, 0, 0, 1]	[0, 0, 1, 1, 0]	表是我已經和自己在内心對話很多···我希望自己的語言能量 可以讓人覺得幸福和喜悅。我同理也重視與人連結的關係	0.48403432965278625 0.4615907073020935 0.6154280304908752 0.5629844665527344 0.42869675159454346
[1, 0, 0, 0, 1]	[0, 0, 1, 1, 0]	樣的性格讓我的心更能安靜和自己獨處。也有更多時間可以精進金工的學習於過程中累積豐富的經驗。	0.4839623272418976 0.4465046525001526 0.6298092007637024 0.5720933079719543 0.43492764234542847
[0, 1, 0, 0, 1]	[0, 0, 1, 1, 0]	我是善於思考的 在參加心靈課和成長課程時 可以接納更多未知領域的交流 與內在多元特質的融合。	0.485135942697525 0.463813453912735 0.6257806420326233 0.5662997961044312 0.428475946187973
[1, 1, 0, 0, 0]	[0, 0, 1, 1, 0]	透過因果關係的觀察 發現曾經我也樣對待同事人 只是現在角色互換 ㄧ來覺得因果循環該是要承受的就收下吧 未來待人還需更加溫和些。	0.4877469837665558 0.4509158730506897 0.6222992539405823 0.5614621043205261 0.4276326596736908
[0, 1, 0, 0, 0]	[0, 0, 1, 1, 0]	知道眼前的事件 是因緣條件組合而成 緣聚則現 緣散則滅。	0.4798395037651062 0.455679327249527 0.6038656234741211 0.5811695456504822 0.41847294569015503
[0, 1, 0, 0, 0]	[0, 0, 1, 1, 0]	知道每個人的大腦模式不同 心之所向也不同 且面對衝突的反應也不同 當然就會產生不可預期的狀態。	0.4848262369632721 0.4621078670024872 0.6228600144386292 0.5682920813560486 0.4404068887233734
[0, 1, 0, 0, 0]	[0, 0, 1, 1, 0]	透過心存善念面對當下情境 用眼耳鼻舌身意等六門的觸或轉換 快速調整心境。	0.4823305606842041 0.46749579906463623 0.6229832768440247 0.5764878392219543 0.4234863519668579
[0, 1, 1, 0, 0]	[0, 0, 1, 1, 0]	回到每個事件的衝突點 關心內在 讓自己得到同理心的慰撫。	0.47166651487350464 0.45363855361938477 0.6058927178382874 0.5898140668869019 0.441724956035614
[0, 1, 1, 0, 0]	[0, 0, 1, 1, 0]	好像建立起能力很強的自己 又培養起療癒自己的功夫。	0.47694751620292664 0.4580700397491455 0.619758665561676 0.5581527948379517 0.44601085782051086
[1, 0, 0, 0, 0]	[0, 0, 1, 1, 0]	加強自己的專業穩固信心	0.48762181401252747 0.46490374207496643 0.6290926933288574 0.591116189956665 0.4403843283653259
[1, 0, 0, 0, 0]	[0, 0, 1, 1, 0]	把想做的事情都努力完成	0.47508111596107483 0.4955960810184479 0.6105356812477112 0.5887387990951538 0.4092661440372467
[1, 0, 0, 0, 0]	[0, 0, 1, 1, 0]	留下紀錄或整理、開一個個人的頻道	0.4860391616821289 0.4811428487300873 0.6023002862930298 0.5688491463661194 0.44060397148132324
[0, 0, 0, 1, 1]	[0, 0, 1, 1, 0]	親愛的自己 謝謝你麼堅強 勇敢面對自己的不足 你已經做得很好了 繼續加油。缺點一點都不可怕 只要我們能夠認真的加以對待它 不帶畏懼的正視它 它就會想維納斯的斷臂一樣 帶來意想不到的效果 甚至變成眾人賞識的美。其實 我們每一個人都應該學會把自己放在劣勢 從謙虛的角度重新出發 你一定會越來越好的	0.4769234359264374 0.4573293626308441 0.6237106919288635 0.5756167769432068 0.4310288727283478
[1, 0, 1, 0, 0]	[0, 0, 1, 1, 0]	1.孩子提早面對威權式上級 知道怎麼做才能解決當前困境	0.48447006940841675 0.4821595549583435 0.611646294593811 0.5595406889915466 0.42622509598731995
[0, 0, 1, 0, 0]	[0, 0, 1, 1, 0]	2訓練孩子短時間內的判斷與取捨	0.48724597692489624 0.47287383675575256 0.6083219051361084 0.5869828462600708 0.43669968843460083
[0, 0, 1, 0, 0]	[0, 0, 1, 1, 0]	3從孩子順從的反應 去反思自己對年紀尚小的孩子是否太過剝奪 進而調整自己的作法與步調	0.47872990369796753 0.4734545946121216 0.6199126839637756 0.5783630013465881 0.4224186837673187
[0, 0, 1, 0, 0]	[0, 0, 1, 1, 0]	4從調整步調中 發現到自己在工作與家庭與自己 三者間其實尚未平衡	0.4705323278903961 0.46945658326148987 0.6143195033073425 0.5928611159324646 0.4471624195575714
[0, 0, 0, 0, 1]	[0, 0, 1, 1, 0]	長輩為了保護你 才不讓你出門。讓我有點平衡 但有壓力	0.48780280351638794 0.4722253382205963 0.6023329496383667 0.5443472862243652 0.4288133382797241
[1, 0, 0, 0, 1]	[0, 0, 1, 1, 0]	為了想要出門 與長輩交易條件	0.47601890563964844 0.47328320145606995 0.5943989157676697 0.5890352129936218 0.42366766929626465
[0, 1, 0, 1, 1]	[0, 0, 1, 1, 0]	不能與同學一起 想辦法離家補習 減少爭執	0.4751637876033783 0.47449207305908203 0.5921774506568909 0.5686351656913757 0.4305191934108734
[0, 0, 0, 1, 1]	[0, 0, 1, 1, 0]	親愛的小雅 感謝你的勇敢 可以面對自己無法面對與朋友的約定 它一點都不可怕 只要我們能夠真的加以對待它 你會越來越好。	0.48015260696411133 0.46352893114089966 0.6170743107795715 0.5825098156929016 0.43012192845344543
[1, 0, 0, 0, 1]	[1, 0, 1, 1, 0]	勇敢的表達 不要害怕犯錯或說錯話	0.5086081027984619 0.46823054552078247 0.6124435663223267 0.5722517967224121 0.42638126015663147
[1, 0, 0, 0, 0]	[0, 0, 1, 1, 0]	相信自己是有能力的 要對自己有自信	0.4857347011566162 0.4766457676887512 0.589590847492218 0.557458221912384 0.4251940846443176
[1, 1, 0, 0, 0]	[0, 0, 1, 1, 0]	妳很在意別人對妳的看法 才會害怕表達展現自己 要相信自己 人沒有完美的	0.4831852316856384 0.4736466407775879 0.6090196967124939 0.5566680431365967 0.42947980761528015
[0, 1, 1, 0, 0]	[0, 0, 1, 1, 0]	我是個謹言慎行的人	0.4930131435394287 0.46316227316856384 0.6130469441413879 0.5684858560562134 0.4554356336593628
[0, 1, 1, 0, 0]	[0, 0, 1, 1, 0]	我對於自我的要求很高	0.4867670238018036 0.46762630343437195 0.6339876055717468 0.5931323170661926 0.44403669238090515
[0, 0, 0, 1, 1]	[0, 0, 1, 1, 0]	恐懼 讓我促成清醒機會 徹底跳脫 體驗奇點	0.4942331314086914 0.45853570103645325 0.6053959727287292 0.5774106383323669 0.4187503159046173
[0, 1, 0, 1, 0]	[0, 0, 1, 1, 0]	沒有主見 讓我變的更加摸索自己 知道心與身 淨化保養為根本	0.4817723035812378 0.4699142873287201 0.6070351004600525 0.5819493532180786 0.43449318408966064
[0, 1, 0, 1, 0]	[0, 0, 1, 1, 0]	不快樂 讓我更加清楚要的 也使我放下虛榮 下半生朝用心感受事物、透過創作分享深刻體驗為主軸	0.4803798496723175 0.4585552513599396 0.6168011426925659 0.5700087547302246 0.4244042932987213
[0, 0, 0, 1, 0]	[0, 0, 1, 1, 0]	逃避拖延 讓我現在知道 是逃不掉的 不如正面好好完整面對與計劃	0.4893335700035095 0.46592262387275696 0.6019232273101807 0.564063310623169 0.43110060691833496
[0, 0, 0, 1, 0]	[0, 0, 1, 1, 0]	拖延 讓我知道是缺熱情、或有地方卡關沒有正視 要好好注意改善	0.4937700033187866 0.47882774472236633 0.5931079983711243 0.5645747780799866 0.42645740509033203
[1, 0, 0, 1, 0]	[0, 0, 1, 1, 0]	太好了 缺點讓我深刻記住些新的正向洞見 並徹底落實、飛躍	0.48179522156715393 0.45965760946273804 0.6063731908798218 0.5754237771034241 0.43397417664527893
[1, 0, 0, 0, 0]	[0, 0, 1, 1, 0]	我某種程度還算負責 因為雖然拖延 我還是會把該做的做好	0.4982762336730957 0.48707860708236694 0.6084177494049072 0.5719917416572571 0.42426300048828125
[1, 0, 0, 0, 0]	[0, 0, 1, 1, 0]	我知道自己真正想要做什麼	0.47376927733421326 0.4920678734779358 0.5986087322235107 0.5699023008346558 0.44583114981651306
[1, 0, 1, 0, 0]	[0, 0, 1, 1, 0]	我有更多時間處理我真正想要做的事	0.49689045548439026 0.46549808979034424 0.6019725799560547 0.577018141746521 0.42444178462028503
[0, 1, 0, 0, 1]	[0, 0, 1, 1, 0]	我最不滿意自己的是無法避免對物質欲望的產生 看見想買的都不考慮自己的能力 因為會讓我在做借錢的想法 導致我不喜歡的結果發生 像是負責增加 欠銀行錢 每個人都有缺點 但換個角度來理解項缺點 也許 是我的獨特之處 又或者是從生活中實際去轉變它與今天的自己分享	0.48157522082328796 0.45410269498825073 0.6177394986152649 0.5731316804885864 0.4284627437591553
[0, 0, 0, 0, 1]	[0, 0, 1, 1, 0]	我嘗試轉化自己個缺點 看見銀行有一種消費 只要有消費它就幫妳投資進基金 讓妳在消費之餘也能做投資	0.4900960922241211 0.4691426753997803 0.6201613545417786 0.573602020740509 0.4363652467727661
[1, 0, 0, 0, 1]	[0, 0, 1, 1, 0]	另外將所攢的錢撥每月固定金額去投資基金 手邊沒太多錢就不會亂花	0.48608094453811646 0.45291250944137573 0.6105508804321289 0.5757949352264404 0.4348077178001404
[1, 0, 0, 0, 1]	[0, 0, 1, 1, 0]	我將項缺點發揮變成轉投資對於樣的變化 我認為一樣是花錢但我用在對的地方	0.4982861876487732 0.47585564851760864 0.619691789150238 0.5694637894630432 0.42016932368278503
[0, 0, 0, 1, 1]	[0, 0, 1, 1, 0]	親愛的自己 謝謝妳麼努力想要改變並且跳脫出來重新開始 勇於面自己的不足 妳已經做得很好了	0.48021847009658813 0.4720165431499481 0.6122885942459106 0.567806601524353 0.42699378728866577
[0, 0, 0, 1, 1]	[0, 0, 1, 1, 0]	繼續加油 缺點一點都不可怕 只要認真的對待它 不帶畏懼的正視它	0.4767387807369232 0.465599000453949 0.6176528334617615 0.5762896537780762 0.4251520037651062
[0, 0, 0, 1, 1]	[0, 0, 1, 1, 0]	親愛的自己 謝謝妳勇於面對並且正視它 不畏懼 它就會像維納斯的斷臂一樣 帶來意想不到的效果 甚至變成眾人賞識的美	0.47754397988319397 0.45548495650291443 0.6138767004013062 0.5732352137565613 0.43029138445854187
[0, 1, 0, 0, 1]	[0, 0, 1, 1, 0]	其實 我們每一個人都應該學會把自己放在劣勢 從謙虛的角度重新出發 妳一定會越來越好的	0.4855833649635315 0.46961599588394165 0.6206954717636108 0.5846176743507385 0.4291725754737854
[0, 1, 1, 0, 0]	[0, 0, 1, 1, 0]	我很愛整潔 即使只有我跟小孩在家 也會讓家裡保持整潔舒適	0.4853963553905487 0.4688924551010132 0.6054860949516296 0.5673052072525024 0.4259548485279083
[0, 1, 1, 0, 0]	[0, 0, 1, 1, 0]	我很自律 沒人理會也能讓自己走在自己的道路上	0.47554585337638855 0.4764537215232849 0.6127290725708008 0.5750049352645874 0.4375248849391937
[0, 1, 1, 0, 0]	[0, 0, 1, 1, 0]	我做事有自己的節奏 配合適合自己的流程 一切都順暢	0.4864804446697235 0.46572309732437134 0.610521137714386 0.5670673251152039 0.4135093688964844
[0, 0, 1, 0, 0]	[0, 0, 1, 1, 0]	我很認真負責 能照顧自己和孩子	0.4776257574558258 0.4620056450366974 0.5994225144386292 0.5710068941116333 0.4357064664363861
[1, 0, 0, 0, 1]	[0, 0, 1, 1, 0]	飛蚊症我的眼睛向我發出求救訊號 讓我得以好好檢視我的用眼習慣	0.498258113861084 0.4561259150505066 0.6093813180923462 0.5704981088638306 0.42033225297927856
[1, 0, 0, 0, 1]	[0, 0, 1, 1, 0]	求好心切代表我心地善良 願意認真付出去幫助別人從我身上受益	0.4775621294975281 0.46491312980651855 0.6144876480102539 0.5824845433235168 0.429353803396225
[0, 0, 0, 0, 1]	[0, 0, 1, 1, 0]	緊張焦慮代表我很重視件事 把事情放在心上	0.4841122031211853 0.47832605242729187 0.6075820922851562 0.5944535732269287 0.42753902077674866
[1, 0, 0, 0, 1]	[0, 0, 1, 1, 0]	我雖然害怕 但我沒因為害怕而退縮或躲避 而是想辦法盡量透過學習用其他路徑和學習克服害怕 雖然其中不免有障礙 漸漸的覺得自己有自信了尊重也自然而生 力量與價值一點一滴建立	0.47972288727760315 0.4580020606517792 0.6190158128738403 0.5753685235977173 0.42870333790779114
[0, 1, 0, 0, 1]	[0, 0, 1, 1, 0]	也自己害怕衝突並無法解決問題 或是完成工作使命 反而是充實自己對季己有自信 才是可行的 隨時間一天一天滋長 -自己更有自信 其實實力也在工作執行和經驗中建立	0.4825952649116516 0.45935213565826416 0.6176303029060364 0.5801559090614319 0.42877840995788574
[0, 1, 0, 0, 1]	[0, 0, 1, 1, 0]	也我更相信自己 信任自己 支持自己 回到自己內心就不會過度在乎別人當然就不害怕	0.4786357283592224 0.47297611832618713 0.6092879772186279 0.5681911706924438 0.44306713342666626
[0, 0, 0, 1, 0]	[0, 0, 1, 1, 0]	我是一個有彈性的人	0.4919050931930542 0.4544515311717987 0.6122215390205383 0.5537844300270081 0.41166403889656067
[0, 0, 1, 1, 0]	[0, 0, 1, 1, 0]	我可以接納不同的可能性	0.4894011616706848 0.47598159313201904 0.6221930980682373 0.5716570615768433 0.4191516637802124
[0, 0, 1, 1, 0]	[0, 0, 1, 1, 0]	我擁有允許心	0.4810003638267517 0.48107391595840454 0.5968814492225647 0.5925742387771606 0.43458813428878784
[0, 0, 1, 1, 0]	[0, 0, 1, 1, 0]	我可以知道那些人不再服務於我 從而斷捨離	0.4725273549556732 0.4581035077571869 0.6148024201393127 0.5632091760635376 0.43486225605010986
[0, 1, 1, 0, 0]	[0, 0, 1, 1, 0]	我學到哪些人事是服務於我 進而了解人生方向	0.4909147024154663 0.4463837146759033 0.615837037563324 0.5808771848678589 0.4269929528236389
[0, 1, 1, 0, 0]	[0, 0, 1, 1, 0]	我完全的為自己負責 不將控制權交給別人	0.4710369110107422 0.47019705176353455 0.6014996767044067 0.5660009384155273 0.4157836437225342
[0, 0, 1, 0, 0]	[0, 0, 1, 1, 0]	我體會到言語的力量 會考慮說出口的話的力量	0.47981491684913635 0.46706417202949524 0.6062883734703064 0.5722643136978149 0.42324185371398926
[0, 0, 1, 0, 1]	[0, 0, 1, 1, 0]	我延後完成任務是為了思考如何可以做的更好	0.49739545583724976 0.48006391525268555 0.6112678647041321 0.5603312849998474 0.43074119091033936
[0, 1, 1, 0, 0]	[0, 0, 1, 1, 0]	我沒有立刻處理帳單是為了保持多些時間的現金流	0.4799526631832123 0.4611373841762543 0.6063543558120728 0.5736055374145508 0.4201980233192444
[0, 0, 1, 1, 0]	[0, 0, 1, 1, 0]	我有屬於自己的節奏	0.48663362860679626 0.4635915756225586 0.6243560910224915 0.5977122187614441 0.42752939462661743
[0, 0, 0, 1, 0]	[0, 0, 1, 1, 0]	我有機會從現在轉換自己的想法與信念 從內在開始改變	0.4807473123073578 0.47822675108909607 0.5949327349662781 0.5654927492141724 0.42378830909729004
[0, 0, 0, 1, 0]	[1, 0, 1, 1, 0]	我正在前往我想成為的樣子上邁進	0.501723051071167 0.4781222939491272 0.6232370734214783 0.5919620990753174 0.4270128607749939
[0, 0, 0, 1, 0]	[0, 0, 1, 1, 0]	我現在開始持續覺察自己、不要被別人的想法和信念所影響	0.4828300476074219 0.4730134606361389 0.6137482523918152 0.5594052076339722 0.43827471137046814
[0, 0, 1, 1, 0]	[0, 0, 1, 1, 0]	正在經歷生活大轉變的我（換工作、準備搬家）也藉此機會從內在心境和外在環境可以一起提升	0.48117849230766296 0.4682857096195221 0.6286342740058899 0.5782866477966309 0.42888692021369934
[0, 1, 0, 1, 0]	[0, 0, 1, 1, 0]	我很有包容力 也很能轉換自己的想法、接受與自己不同的想法	0.4768783152103424 0.47075122594833374 0.6076039671897888 0.5814225673675537 0.4146953225135803
[0, 0, 0, 0, 1]	[0, 0, 1, 1, 0]	金魚腦 所以很多不愉快的事不會放在心上太久	0.4855523407459259 0.46809327602386475 0.609602153301239 0.5825805068016052 0.43139657378196716
[0, 1, 0, 0, 1]	[0, 0, 1, 1, 0]	大而化之 對別人要求不多 開心就好	0.4934299886226654 0.45930495858192444 0.6024179458618164 0.5691238641738892 0.44889751076698303
[0, 0, 0, 0, 1]	[0, 0, 1, 1, 0]	神經兮兮 所以會小心奕奕	0.4935498833656311 0.48046359419822693 0.608191192150116 0.6058070659637451 0.4416094422340393
[0, 1, 0, 0, 1]	[0, 0, 1, 1, 0]	討厭不確定性 所以對時間管理很注重 凡事先問deadline	0.4864286482334137 0.474534809589386 0.6060030460357666 0.5736955404281616 0.41940170526504517
[0, 1, 0, 1, 1]	[0, 1, 1, 1, 0]	沒有創意性 還好有技術	0.4965735971927643 0.5060269236564636 0.5899349451065063 0.5557720065116882 0.42640167474746704
[0, 0, 0, 1, 0]	[0, 0, 1, 1, 0]	我是一個願意盡心盡力完成工作的人	0.48500949144363403 0.4669049084186554 0.6021497249603271 0.5650005340576172 0.42760610580444336
[1, 0, 0, 1, 0]	[0, 0, 1, 1, 0]	我會在意事情的成果	0.4880024492740631 0.46422475576400757 0.612928569316864 0.580457329750061 0.4408281445503235
[1, 0, 0, 1, 0]	[0, 0, 1, 1, 0]	我會願意反省 讓自己可把事情做得更好	0.49104371666908264 0.46611151099205017 0.5956012010574341 0.5756581425666809 0.43188902735710144
[1, 0, 1, 0, 0]	[0, 0, 1, 1, 0]	對自己不自信！	0.4681188762187958 0.4809958338737488 0.5937507748603821 0.6086616516113281 0.44624432921409607
[1, 0, 0, 0, 0]	[0, 0, 1, 1, 0]	依賴別人的照顧和提醒！	0.49786895513534546 0.46316349506378174 0.6085994243621826 0.5854431986808777 0.42646658420562744
[1, 1, 0, 1, 0]	[0, 0, 1, 1, 0]	不想做的事情就用拖延來逃避！	0.493927925825119 0.47934529185295105 0.592643678188324 0.5939943194389343 0.4214681088924408
[1, 0, 0, 0, 1]	[0, 0, 1, 1, 0]	不知道該怎麼做時 也不會求援 怕麻煩別人！	0.48626917600631714 0.47549885511398315 0.6004865169525146 0.5537678599357605 0.4336867332458496
[1, 0, 0, 0, 0]	[0, 0, 1, 1, 0]	要求完美 害怕失敗 想等一切都準備好了才行動。	0.46966907382011414 0.45929843187332153 0.6022666096687317 0.5609295964241028 0.4261617064476013
[1, 0, 0, 0, 0]	[0, 0, 1, 1, 0]	覺得自己還有時間。	0.4926413893699646 0.4715518355369568 0.6054053902626038 0.5865711569786072 0.45871150493621826
[1, 0, 0, 1, 0]	[0, 0, 1, 1, 0]	我總是可以完成自己設定的事情。	0.4892779588699341 0.46568793058395386 0.6094706654548645 0.5756081342697144 0.42975616455078125
[1, 1, 0, 1, 0]	[0, 0, 1, 1, 0]	我已經長大了 可以自己照顧和提醒自己！	0.48792797327041626 0.46428990364074707 0.6023298501968384 0.5755721926689148 0.4364722967147827
[1, 0, 0, 0, 0]	[0, 0, 1, 1, 0]	事情總有你喜歡和不喜歡的兩個面 用愉快的心情去做不喜歡的事情也可以發現彩蛋！	0.47873154282569885 0.4630482494831085 0.6147814393043518 0.5842229127883911 0.42592066526412964
[1, 0, 0, 0, 0]	[0, 0, 1, 1, 0]	尋求團隊支援 不會造成別人麻煩 還可以及早完成！	0.4885571300983429 0.46474385261535645 0.61165851354599 0.5579593181610107 0.426841139793396
[1, 1, 0, 0, 0]	[0, 0, 1, 1, 0]	沒有完美和失敗件事 每次全然投入的行動和結果 都是最好的呈現！	0.4765324294567108 0.4631462097167969 0.5926324725151062 0.5717378258705139 0.42207324504852295
[1, 0, 0, 0, 0]	[0, 0, 1, 1, 0]	常問若生命剩最後十分鐘 你想做什麼？你會怎麼做？	0.4803753197193146 0.48571786284446716 0.5893594622612 0.5685327053070068 0.42416879534721375
[0, 0, 0, 0, 1]	[0, 0, 1, 1, 0]	可以清楚自己喜歡或不喜歡 也是件好事。大悲大喜很累 但是很精彩很刺激。就算會有黯淡無光的時候 但你也有閃閃發亮時的樣子 都是你的靈魂藍圖選擇來體驗的極端值	0.4905061721801758 0.4628487229347229 0.6186613440513611 0.5808926820755005 0.436845600605011
[0, 0, 0, 0, 1]	[0, 0, 1, 1, 0]	因為執著 所以你有很強大的毅力和鬥志 你有更高的可能性去完成你的理想 你不會輕易被打倒	0.4841797649860382 0.47215548157691956 0.6220462918281555 0.5794433951377869 0.41927409172058105
[0, 0, 0, 0, 1]	[0, 0, 1, 1, 0]	你只是因為把那樣的過程解讀成失敗與浪費 所以你痛恨那段經歷。但就是樣的過程 成為了獨一無二的你。樣的淬煉和歷程 使得沒有人跟你一樣 你很特別 值得好好珍惜	0.48459672927856445 0.4590300917625427 0.617854654788971 0.5840080976486206 0.4254976511001587
[0, 1, 0, 1, 0]	[0, 0, 1, 1, 0]	其實我是一個很願意付出的人	0.49581074714660645 0.44999322295188904 0.6149304509162903 0.5862962007522583 0.43682393431663513
[0, 1, 0, 0, 0]	[0, 1, 1, 1, 0]	我很善良	0.4687143564224243 0.5003834962844849 0.6238617897033691 0.5782750248908997 0.422557532787323
[0, 1, 0, 0, 0]	[0, 0, 1, 1, 0]	我對每一段感情都是認真且負責任的	0.4839082658290863 0.47099533677101135 0.5960041284561157 0.5797635912895203 0.4178900718688965
[0, 1, 0, 1, 0]	[0, 0, 1, 1, 0]	我不會隨便跟別人起衝突 因為總能替別人設想	0.48971933126449585 0.47746455669403076 0.605309009552002 0.5571591854095459 0.43156835436820984
[0, 1, 0, 1, 0]	[0, 0, 1, 1, 0]	我很有慈悲心 懂得憐憫別人	0.4823996126651764 0.4697574973106384 0.6116952896118164 0.5708547830581665 0.4301123321056366
[0, 1, 0, 1, 0]	[0, 0, 1, 1, 0]	我不會預設立場 懂得傾聽別人的需要	0.47050589323043823 0.46153274178504944 0.5928298234939575 0.5616610646247864 0.413055419921875
[0, 1, 0, 1, 0]	[0, 1, 1, 1, 0]	心軟沒有什麼不好	0.46980801224708557 0.5002502799034119 0.6186351180076599 0.5580546259880066 0.4284873306751251
[0, 1, 0, 1, 0]	[0, 0, 1, 1, 0]	心軟讓你更有同理心	0.4792242646217346 0.47392258048057556 0.6146288514137268 0.5750652551651001 0.44448721408843994
[0, 1, 0, 1, 0]	[0, 0, 1, 1, 0]	心軟讓你更懂慈悲	0.48844483494758606 0.4814993143081665 0.6265028119087219 0.596153736114502 0.4507940411567688
[1, 0, 0, 0, 0]	[0, 0, 1, 1, 0]	以下列出我應該如何轉化缺點？	0.48364222049713135 0.4868673086166382 0.6206575632095337 0.5797380805015564 0.43340376019477844
[0, 0, 1, 0, 0]	[0, 0, 1, 1, 0]	我很認真看待問題 感謝過去特質曾經幫助過我 讓老師主管評斷我很細心	0.4878048896789551 0.46191921830177307 0.6186827421188354 0.566990852355957 0.436575323343277
[1, 1, 0, 1, 0]	[1, 0, 1, 1, 0]	我很會多方分析 頭腦聰明	0.5062255859375 0.472171813249588 0.6176010370254517 0.571158766746521 0.4397645890712738
[1, 0, 0, 0, 0]	[0, 0, 1, 1, 0]	我ㄧ直很有福氣 很多選項可以思考選擇	0.4964425265789032 0.4538536071777344 0.6274673342704773 0.5510535836219788 0.4393746852874756
[1, 0, 0, 0, 0]	[1, 0, 1, 1, 0]	鼓勵肯定成功轉化缺點的自己	0.5040524005889893 0.46731290221214294 0.622599720954895 0.5709317922592163 0.438491553068161
[1, 0, 0, 0, 0]	[0, 0, 1, 1, 0]	我很謹慎評估自己的問題	0.47841352224349976 0.4698942303657532 0.6259785890579224 0.5803138017654419 0.45142126083374023
[1, 1, 0, 0, 0]	[0, 0, 1, 1, 0]	如果我能善用部份 只要不過度害怕做決定 會是一個好特質	0.4953227639198303 0.4569703936576843 0.6134726405143738 0.550984263420105 0.4410189986228943
[1, 0, 0, 0, 0]	[0, 0, 1, 1, 0]	是一個好機會我能訓練自己決定事情的能力 從之中衍生出自信	0.47973012924194336 0.45596474409103394 0.6121525764465332 0.5785744190216064 0.43950697779655457
[1, 0, 0, 0, 0]	[1, 0, 1, 1, 0]	是一個很好突破自我的機會	0.5043718218803406 0.46540093421936035 0.6130868792533875 0.5841130018234253 0.42716893553733826
[0, 1, 0, 0, 0]	[0, 0, 1, 1, 0]	不自信其實代表了我總是覺得別人很棒很好 也我擅長發現別人的優點。	0.49733197689056396 0.4590646028518677 0.6260395646095276 0.574690043926239 0.4291268587112427
[0, 1, 0, 0, 0]	[0, 0, 1, 1, 0]	不自信代表了我對自己的要求比較高 所以我會常常反省自己 也會讓自己進步跟反思的比別人更快。	0.48629486560821533 0.4642251431941986 0.6195237040519714 0.5805309414863586 0.432589590549469
[0, 1, 0, 0, 0]	[0, 0, 1, 1, 0]	不自信代表了我總是先想到別人 所以我能跟大家和睦相處 也很能團隊合作。	0.48234662413597107 0.46240127086639404 0.6155328750610352 0.5758944749832153 0.4344727098941803
[0, 1, 0, 1, 0]	[0, 0, 1, 1, 0]	沒有決定也等於有無限可能	0.49462661147117615 0.4835866391658783 0.620906412601471 0.5672062039375305 0.44338610768318176
[0, 0, 0, 1, 0]	[0, 0, 1, 1, 0]	能夠多方位嘗試 不受一種職業的訓練侷限	0.47735559940338135 0.4692647159099579 0.6217830181121826 0.5630213618278503 0.4344238042831421
[0, 1, 0, 1, 0]	[0, 0, 1, 1, 0]	因為沒有選擇 所以可以自己開發出一種結合各種不同領域的選項	0.468060165643692 0.469463586807251 0.6096091866493225 0.5822216272354126 0.42699816823005676
[0, 1, 0, 1, 0]	[0, 0, 1, 1, 0]	不受經驗或傳統影響做決定 能夠時時接受創新	0.4827355742454529 0.4886651635169983 0.5916333794593811 0.5768997073173523 0.4352874755859375
[0, 0, 1, 1, 0]	[0, 0, 1, 1, 0]	想太多其實是希望能做的更謹慎的處理做事情	0.4987291395664215 0.4714075028896332 0.6023120284080505 0.5777792930603027 0.4285891056060791
[0, 0, 1, 0, 0]	[0, 0, 1, 1, 0]	習慣想得周全才能一次到位	0.4744158685207367 0.4566028118133545 0.6121939420700073 0.5806378722190857 0.4247879087924957
[0, 0, 1, 0, 0]	[0, 0, 1, 1, 0]	考慮仔細才能把風險降低	0.4914902448654175 0.4991416931152344 0.6326802372932434 0.5822733044624329 0.4415719211101532
[0, 0, 1, 0, 0]	[0, 0, 1, 1, 0]	同時也發現更深的點--就是為什麼麼想尋求別人的認同 無法做自己	0.48235884308815 0.4694667160511017 0.6019180417060852 0.5716845989227295 0.41606104373931885
[0, 0, 1, 1, 0]	[0, 0, 1, 1, 0]	我願意多方嘗試 用各種方式不斷地精進自己的能力。	0.47612065076828003 0.46141165494918823 0.6128309965133667 0.5741599798202515 0.4441852867603302
[1, 0, 0, 1, 0]	[0, 0, 1, 1, 0]	我會想得比較仔細周全 盡可能的把事情做到最好。	0.47724637389183044 0.4633493423461914 0.6005018949508667 0.5811976194381714 0.4277089536190033
[1, 0, 0, 1, 0]	[0, 0, 1, 1, 0]	當我的成品完成時 多數的人都覺得有一定的水準。	0.491642564535141 0.4543071985244751 0.6250931024551392 0.5659337043762207 0.42195069789886475
[0, 1, 0, 1, 0]	[0, 0, 1, 1, 0]	在我的心目中 為自己描繪的樣子非常的豐盛又美好。	0.4722706973552704 0.4603906273841858 0.6219276785850525 0.5727771520614624 0.43731775879859924
[1, 1, 0, 0, 0]	[0, 0, 1, 1, 0]	我鼓勵自己將進度縮小成自己感到不費力的程度 鼓勵自己每天嘗試。即使沒有做到也不過分苛責自己。	0.48174917697906494 0.4550724923610687 0.6247272491455078 0.5685141086578369 0.44663292169570923
[1, 1, 0, 0, 0]	[0, 0, 1, 1, 0]	我欣賞自己很重視個人成長與目標達成 希望自己能快速的達成理想我	0.48391956090927124 0.45806366205215454 0.6194509863853455 0.5627813339233398 0.4281069338321686
[1, 0, 0, 0, 1]	[0, 0, 1, 1, 0]	我把沒做到 做不完 做不好當成提醒 而不是焦慮與指責	0.49220195412635803 0.4849322438240051 0.5989434719085693 0.561942994594574 0.43087226152420044
[1, 0, 0, 0, 0]	[0, 0, 1, 1, 0]	完整過程 但事情不會完美 只有沒有去行動	0.47984686493873596 0.47930318117141724 0.5896185636520386 0.5503963828086853 0.41951286792755127
[1, 0, 1, 0, 0]	[0, 0, 1, 1, 0]	想要被看見自己的好 自己先看見自己的好	0.4933396875858307 0.47062361240386963 0.6099549531936646 0.5563541054725647 0.4276754558086395
[0, 1, 0, 1, 0]	[0, 0, 1, 1, 0]	遇到不自信時 先靜下來 緩一下 不急著做決定	0.48208191990852356 0.46802768111228943 0.5998494625091553 0.5827945470809937 0.4372241199016571
[1, 0, 0, 1, 0]	[0, 0, 1, 1, 0]	接受自己當下就是不自信 接受自己的不完美	0.48421987891197205 0.47820571064949036 0.5982488393783569 0.5822144150733948 0.43733251094818115
[0, 1, 0, 1, 0]	[0, 0, 1, 1, 0]	靜下來後思考剛剛的事情 我真正想做的是什麼？確定好 就去試試看吧！	0.4767894148826599 0.46634259819984436 0.6045527458190918 0.5626513957977295 0.43730589747428894
[0, 0, 0, 1, 0]	[0, 0, 1, 1, 0]	然後告訴自己 我很棒 我已經開始邁入為自己而活的第一步 超讚的	0.4821741282939911 0.47148963809013367 0.6027224659919739 0.5850284695625305 0.434131920337677
[0, 1, 0, 0, 0]	[0, 0, 1, 1, 0]	Jeffrey說不用一定要變成像他一樣 他也是有很多缺點譬如太強勢直接 很多人也不一定喜歡他. 做自己就好!	0.4949362874031067 0.4621235430240631 0.6217228770256042 0.568379282951355 0.44593527913093567
[0, 1, 0, 0, 0]	[0, 0, 1, 1, 0]	不自信讓我容易去發現別人的優點 看到人的美好 連大家覺得不好相處的同事 例如Bonnie超自信脾氣不好與Gavin善妒防範team member 我也都能看到他們自信與努力工作融合團段的優點 並試著跟他們相處. 也形成Gavin向Jeffrey推薦我 Jeffrey想找我加入BQP契機.	0.4771674871444702 0.46038272976875305 0.6186435222625732 0.5737310647964478 0.4238213300704956
[0, 1, 0, 0, 0]	[0, 0, 1, 1, 0]	不自信也鞭策我努力去成長學習 向我覺得厲害的人學習.	0.48880526423454285 0.46566352248191833 0.6134557127952576 0.567805826663971 0.42695048451423645
[0, 1, 0, 0, 0]	[0, 0, 1, 1, 0]	不自信有時候是我的一種偽裝 在群體中不會太特出突兀而成為箭靶.	0.48547127842903137 0.47169432044029236 0.6071059107780457 0.569968044757843 0.43407729268074036
[0, 1, 0, 1, 0]	[0, 0, 1, 1, 0]	不喜歡正面衝突/溫和派讓我比較會採溝通協調的方式去處理事情 有時候一些私下的溝通 反而更讓對方願意分享狀況而喬出解決方案.	0.4845324754714966 0.46613457798957825 0.6102384924888611 0.5854742527008057 0.4212070405483246
[0, 1, 0, 0, 0]	[0, 0, 1, 1, 0]	不自信跟溫和讓我比較有同理心 我以前會覺得每個人做出些事都是有他的原因的 了解原因後就更認識個人 其實每個人都有他可愛之處.	0.4855888783931732 0.4566611647605896 0.6131713390350342 0.5701536536216736 0.4305657744407654
[1, 0, 0, 0, 0]	[0, 0, 1, 1, 0]	相信自己可以 用筆記跟照片紀錄每一個自己達成的時候	0.4750581383705139 0.45471757650375366 0.6008601188659668 0.5725881457328796 0.42800334095954895
[0, 1, 0, 0, 0]	[0, 0, 1, 1, 0]	我覺得找到自己的木馬就是進步的開始 至少我願意去正視自己的缺點	0.4746258854866028 0.45725998282432556 0.6074993014335632 0.5892645716667175 0.4416649639606476
[0, 1, 0, 0, 0]	[0, 0, 1, 1, 0]	試著讓隨便不再只是隨便 而是隨和與調和	0.47594764828681946 0.4708458185195923 0.5764067769050598 0.5654434561729431 0.4296678304672241
[0, 1, 0, 0, 0]	[0, 0, 1, 1, 0]	有時候我太過強勢 會給人咄咄逼人的感覺 讓別人幫我做決定 說不定會給人較易親近的感覺	0.48231545090675354 0.47082510590553284 0.6203739047050476 0.5598263144493103 0.4257409870624542
[1, 1, 0, 1, 0]	[0, 0, 1, 1, 0]	不想做決定而詢問別人 也許會讓別人有一種「自己被需要的感覺」 其實也是不錯的	0.4926410913467407 0.4607723653316498 0.6160244345664978 0.5697081089019775 0.42451807856559753
[0, 1, 0, 0, 0]	[0, 0, 1, 1, 0]	我贊同對方的觀點 讓對方感覺舒服	0.49208393692970276 0.4698730707168579 0.5926860570907593 0.5943142771720886 0.41884201765060425
[0, 1, 0, 0, 0]	[0, 0, 1, 1, 0]	我善於傾聽 接納別人的想法	0.4877011477947235 0.4748416543006897 0.6100228428840637 0.5818541646003723 0.4039543569087982
[0, 1, 0, 0, 0]	[0, 0, 1, 1, 0]	我很友善 總是顧慮到別人的心情	0.4923256039619446 0.46258729696273804 0.6157904863357544 0.5867384076118469 0.42404237389564514
[0, 0, 0, 1, 0]	[0, 0, 1, 1, 0]	帳單拿到第一時間就去完成	0.48914068937301636 0.47196730971336365 0.5914239287376404 0.5899173617362976 0.439022034406662
[0, 0, 0, 1, 0]	[0, 0, 1, 1, 0]	規劃行程	0.45922601222991943 0.4974753260612488 0.5704334378242493 0.6021050214767456 0.4388905465602875
[1, 0, 0, 1, 0]	[0, 1, 1, 1, 0]	想到就做	0.4700404107570648 0.5004667639732361 0.5806599259376526 0.59599769115448 0.4296424090862274
[0, 0, 0, 1, 0]	[0, 0, 1, 1, 0]	多提醒自己行動吧！	0.48766589164733887 0.4492492377758026 0.6149678826332092 0.5851001143455505 0.44611039757728577
[1, 1, 0, 0, 0]	[0, 0, 1, 1, 0]	我希望下次(未來)不要再犯同樣的錯誤 想要讓自己變得更好	0.49200761318206787 0.4654960632324219 0.606536865234375 0.5604031085968018 0.43087708950042725
[0, 1, 0, 0, 0]	[0, 0, 1, 1, 0]	我重視人與人之間的良好關係 只是大部分的人都是生命中的過客 在乎珍惜感恩的人才是我該做的。	0.49551722407341003 0.45617571473121643 0.6272748708724976 0.5756350755691528 0.42301085591316223
[0, 1, 1, 0, 0]	[0, 0, 1, 1, 0]	我做決定時 會從多個層面思考評估 讓個過程系統化 就不會因為過度發散失去耐心 浪費個潛能。	0.4763963520526886 0.4588771164417267 0.6192155480384827 0.5505689978599548 0.4309636652469635
[0, 1, 0, 1, 0]	[0, 0, 1, 1, 0]	我是非常重視件事情 願意花時間來準備	0.49044862389564514 0.46960532665252686 0.6068410873413086 0.5856949090957642 0.4251894950866699
[0, 1, 0, 0, 0]	[0, 0, 1, 1, 0]	看到個面象的自己 我會好好跟個問題和平相處 一起努力學習讓彼此之間更開闊的開始。 我是很珍惜個機會的 我願意努力學習讓事情如我所願。	0.4849214553833008 0.45672348141670227 0.6185101270675659 0.5750730037689209 0.42945700883865356
[0, 1, 0, 0, 1]	[0, 0, 1, 1, 0]	也我願意花時間來準備好內容與大家分享	0.4849114418029785 0.47295498847961426 0.6024093627929688 0.5997955799102783 0.4394281506538391
[0, 1, 0, 0, 0]	[0, 0, 1, 1, 0]	代表我相當重視他人感受 會希望身邊的人都能開心快樂 都在好的狀態裡。	0.484653115272522 0.46667274832725525 0.617888331413269 0.5719624161720276 0.4377884566783905
[0, 1, 0, 0, 0]	[0, 0, 1, 1, 0]	代表我是一個心思細膩的人 會去關注身邊每個人的情緒 也能在很短時間覺察對方是否需要被關心。	0.4873789846897125 0.453748494386673 0.627245306968689 0.5730593800544739 0.4279223382472992
[0, 1, 0, 0, 0]	[0, 0, 1, 1, 0]	代表我擁有關懷他人的強大能量 在對方需要協助的時候也能第一時間就出手協助 讓事情往正向積極面發展。	0.4811996817588806 0.46072378754615784 0.6240671277046204 0.5756717920303345 0.4310208857059479
[0, 1, 1, 1, 0]	[0, 0, 1, 1, 0]	我有更充足時間可以安排自己的事	0.4997563362121582 0.4693092405796051 0.6170943379402161 0.569424033164978 0.43083512783050537
[0, 0, 1, 0, 0]	[0, 0, 1, 1, 0]	為了有更多時間我要更有效率	0.49946174025535583 0.460962176322937 0.6225629448890686 0.5514401793479919 0.427884966135025
[0, 0, 1, 0, 0]	[0, 0, 1, 1, 0]	其實適度休息是需要的	0.4892139434814453 0.4676254689693451 0.6099700927734375 0.5852704644203186 0.44026312232017517
[1, 0, 1, 0, 0]	[1, 0, 1, 1, 0]	我更有時間陪伴重要的人	0.5084763169288635 0.4787743389606476 0.6242716908454895 0.5603707432746887 0.4234791696071625
[0, 1, 1, 0, 0]	[0, 0, 1, 1, 0]	在工作上我總是能在期限內完成自己的工作	0.4765278697013855 0.4692591428756714 0.6020548343658447 0.5834769010543823 0.42767125368118286
[0, 0, 1, 1, 0]	[1, 0, 1, 1, 0]	我可以注意到許多細節之處	0.5018512606620789 0.45869094133377075 0.6327629685401917 0.6080876588821411 0.4472428560256958
[0, 0, 1, 1, 0]	[0, 0, 1, 1, 0]	我可以同時完成許多事情	0.4914444088935852 0.466869592666626 0.6305201649665833 0.5889783501625061 0.4322819709777832
[0, 1, 0, 1, 0]	[0, 0, 1, 1, 0]	我不會太容易成為自大的人	0.49595943093299866 0.4822351038455963 0.6199262142181396 0.5864132046699524 0.44838523864746094
[0, 0, 0, 1, 0]	[0, 0, 1, 1, 0]	我會因為匱乏一直保有學習的心態	0.493063747882843 0.4698174297809601 0.5993745923042297 0.5848813056945801 0.4171661138534546
[1, 0, 0, 0, 0]	[0, 0, 1, 1, 0]	我的人生只會一直不斷往前進步	0.4965933561325073 0.4690447449684143 0.6266932487487793 0.5966179966926575 0.41949039697647095
[0, 1, 0, 1, 0]	[0, 0, 1, 1, 0]	我就像海綿一樣會不斷吸收	0.4911954700946808 0.493080198764801 0.6030481457710266 0.5682559609413147 0.47782468795776367
[0, 1, 0, 1, 0]	[0, 0, 1, 1, 0]	我不會跟別人競爭 不會破壞關係	0.4864957928657532 0.46296626329421997 0.5935248136520386 0.5590571761131287 0.425508975982666
[0, 0, 0, 1, 0]	[0, 0, 1, 1, 0]	我是一個虛懷若谷的人	0.49301332235336304 0.44545313715934753 0.6250736117362976 0.5884833931922913 0.4434688091278076
[1, 1, 0, 1, 0]	[1, 0, 1, 1, 0]	我很會發現別人的優點	0.5065169334411621 0.4628795087337494 0.6305686831474304 0.5835297107696533 0.4340393841266632
[0, 1, 0, 1, 0]	[0, 0, 1, 1, 0]	我也會知道那些沒自信的人在想什麼 可以鼓勵支持他	0.487308144569397 0.47123655676841736 0.6167442202568054 0.5670983791351318 0.4281962215900421
[0, 0, 0, 1, 0]	[0, 0, 1, 1, 0]	我是一個行動力十足的人	0.4831700623035431 0.45696207880973816 0.6205079555511475 0.5531639456748962 0.4270133972167969
[0, 1, 0, 1, 0]	[0, 0, 1, 1, 0]	我一直精進 我是個有活力的人	0.4961881935596466 0.44432833790779114 0.6214426159858704 0.57666015625 0.437653124332428
[0, 0, 1, 0, 0]	[0, 0, 1, 1, 0]	感謝自己 自己所賺的金錢都足夠生活。	0.48552778363227844 0.4551812410354614 0.6129899621009827 0.5875158905982971 0.44427406787872314
[0, 0, 1, 0, 0]	[0, 0, 1, 1, 0]	感謝自己 自己的生活很自由。	0.4772571623325348 0.45634785294532776 0.6108418703079224 0.6103458404541016 0.4493904411792755
[0, 0, 1, 0, 0]	[0, 0, 1, 1, 0]	感謝自己 自己有一份穩定的工作、同事對你很友善。	0.47671380639076233 0.4548858404159546 0.6121779084205627 0.5817877650260925 0.44256529211997986
[0, 0, 1, 0, 0]	[0, 0, 1, 1, 0]	感謝自己 目前沒有感染到疫情 還可以乖乖在家不亂跑。	0.48981207609176636 0.4630448818206787 0.6078991293907166 0.572422206401825 0.4382988214492798
[0, 0, 1, 0, 0]	[0, 0, 1, 1, 0]	感謝自己 自己依然生存在個世界上 雖然無法事事如意 但是可以探索世界的美好。	0.4806457757949829 0.4699569642543793 0.6199296116828918 0.5760696530342102 0.4290142357349396
[0, 0, 0, 1, 0]	[0, 0, 1, 1, 0]	試著適時說不 妳會發現眼前妳的煩惱少了許多	0.4997917115688324 0.46143683791160583 0.6165086627006531 0.572380542755127 0.4271285831928253
[0, 0, 0, 1, 0]	[0, 0, 1, 1, 0]	不會的事物請教別人 會獲得更多不一樣的經驗值	0.49056750535964966 0.46018660068511963 0.6081492900848389 0.5602203011512756 0.43742355704307556
[0, 1, 0, 1, 0]	[0, 0, 1, 1, 0]	其實 不完美並沒那麼糟糕 因為樣人生才有趣阿！	0.4881787598133087 0.4763740599155426 0.5951944589614868 0.5682572722434998 0.4356350302696228
[1, 0, 1, 0, 0]	[0, 0, 1, 1, 0]	當出現不自信的反應想太多時 反而是能發展另一種細心的優點。	0.49070271849632263 0.46036186814308167 0.6281870007514954 0.5761343836784363 0.4314817786216736
[0, 0, 1, 0, 0]	[0, 0, 1, 1, 0]	換個角度看 當處理事情時 我的不自信其實能夠讓我不會橫衝直撞。	0.4845294654369354 0.45689690113067627 0.6133022904396057 0.5580105781555176 0.44201841950416565
[1, 0, 0, 0, 0]	[0, 0, 1, 1, 0]	我的不自信太在意別人眼光 從另一方面來看會更容易懂得同理心。	0.4795319736003876 0.469003289937973 0.6099382042884827 0.5671836733818054 0.42568904161453247
[0, 0, 0, 0, 1]	[0, 0, 1, 1, 0]	多練習說出自己的想法會發現其實沒有很難	0.49342966079711914 0.464118629693985 0.607587456703186 0.5844191312789917 0.42123961448669434
[1, 0, 0, 0, 1]	[1, 0, 1, 1, 0]	勇敢的拒絕別人 是件很好的事	0.5108518004417419 0.4551171362400055 0.5985074639320374 0.5925428867340088 0.4171774685382843
[0, 1, 0, 1, 0]	[0, 0, 1, 1, 0]	就算你說錯了那又怎樣！我們不要責備自己了好不好 對自己友善一點吧 就像你總是用很大的同理心包容別人一樣 他們也一定能理解你的	0.4846118688583374 0.4630907475948334 0.6149041652679443 0.5716378092765808 0.43667060136795044
[0, 1, 0, 0, 0]	[0, 0, 1, 1, 0]	你在當下已經盡力幫助別人了 你有努力過了！你不是隨便回答 就是最好最棒的結果！接納並臣服宇宙的安排 信任宇宙的智慧吧～～	0.4790053367614746 0.4655756652355194 0.6056100726127625 0.5625637769699097 0.41905954480171204
[1, 0, 0, 0, 0]	[0, 0, 1, 1, 0]	相信自己吧～你已經很棒了！不論你說了或做了什麼別人會因為你的幫助而感激你的 就算不說出來 他們也一定能感受到你話裡傳達的那份善意與愛！	0.4744139313697815 0.46534350514411926 0.6176964640617371 0.5877535343170166 0.4282694160938263
[0, 1, 0, 0, 0]	[0, 0, 1, 1, 0]	你會樣子想 就代表你是個很善良的人呀 總是會覺得自己是不是說錯或做錯而影響到他人 代表你一直都在替別人著想 個世界像你樣的人已經不多了 大家不是抱怨 就在責怪他人。你很特別 你身上的個特質也很特別～	0.4854715168476105 0.453240305185318 0.6249572038650513 0.5766876935958862 0.43241193890571594
[0, 1, 0, 1, 0]	[0, 0, 1, 1, 0]	如果今天是人生最後一天 你還會擔心別人的看法嗎? 把每一天當成是最後一天來過 確認自己是的每個決定是符合愛、信任、勇氣和自信上！	0.4865674078464508 0.4575350284576416 0.625478982925415 0.5794498324394226 0.4243813157081604
[1, 0, 1, 0, 0]	[0, 0, 1, 1, 0]	總是活在規範中的妳 其實很適合從事訂定規矩規則	0.48606494069099426 0.4798016846179962 0.6062615513801575 0.5857033729553223 0.43266940116882324
[0, 0, 1, 0, 0]	[0, 0, 1, 1, 0]	糾察隊 你可以輕鬆辨別不合規的事物	0.489236980676651 0.4833383560180664 0.590237021446228 0.5621368288993835 0.44279220700263977
[0, 0, 1, 1, 0]	[0, 0, 1, 1, 0]	冷靜淡定是與妳同在的優點	0.4889672100543976 0.4829050898551941 0.6238713264465332 0.5754358172416687 0.4436299800872803
[0, 1, 0, 0, 1]	[0, 0, 1, 1, 0]	沒自信是讓我謙虛一點 多去請教別人	0.49676451086997986 0.46564915776252747 0.60330730676651 0.5824485421180725 0.433095246553421
[0, 0, 1, 0, 1]	[0, 0, 1, 1, 0]	突然發傻是因為我需要多一些時間反應與思考	0.48801949620246887 0.46594101190567017 0.6191741824150085 0.5801674723625183 0.4350981116294861
[0, 1, 0, 1, 1]	[0, 0, 1, 1, 0]	不登上舞台我就是安全的 不會被攻擊	0.49727243185043335 0.46863698959350586 0.5812060236930847 0.5711728930473328 0.42233869433403015
[1, 0, 0, 0, 0]	[0, 0, 1, 1, 0]	樣會讓自己更把事情做好	0.4891996681690216 0.4815743565559387 0.6037967205047607 0.5890543460845947 0.4453493654727936
[1, 0, 0, 0, 0]	[0, 0, 1, 1, 0]	重複反覆練習增加自信心 讓自己更熟練	0.47883135080337524 0.4697332978248596 0.6218932271003723 0.5876238346099854 0.43349191546440125
[1, 0, 0, 0, 0]	[0, 0, 1, 1, 0]	可以從中發現哪裡需要修正改進	0.48402777314186096 0.4568607211112976 0.614147424697876 0.5732024908065796 0.43941453099250793
[1, 0, 1, 0, 0]	[0, 0, 1, 1, 0]	自己可以包容他人觀點及理解感受	0.4817023277282715 0.45877477526664734 0.6058147549629211 0.5900442004203796 0.43104225397109985
[1, 0, 1, 0, 0]	[0, 0, 1, 1, 0]	自己對於事項會多方考量再作決定	0.47770148515701294 0.4632294774055481 0.6129412651062012 0.5749033689498901 0.4320310056209564
[0, 0, 1, 0, 0]	[0, 0, 1, 1, 0]	自己對事情處理較認真謹慎	0.475229948759079 0.48292437195777893 0.5905192494392395 0.6061593890190125 0.43706774711608887
[0, 1, 0, 1, 0]	[0, 0, 1, 1, 0]	沒有時間的量詞 自在隨時平行於多個任務 在各自的專案管理中完成最終想要的結果。	0.4706278443336487 0.46902742981910706 0.620570957660675 0.5578250885009766 0.41887906193733215
[0, 0, 0, 1, 0]	[0, 0, 1, 1, 0]	盡情於當下就是成功 沒有計算時間/效益個判別因子	0.48365718126296997 0.46359455585479736 0.6177536845207214 0.5511009693145752 0.4388759434223175
[0, 0, 0, 1, 0]	[0, 0, 1, 1, 0]	練習成為自己 每一步都不願錯過	0.48715463280677795 0.4683663547039032 0.6122657060623169 0.5972662568092346 0.44037434458732605
[0, 0, 0, 0, 1]	[0, 0, 1, 1, 0]	思考幫助你更認識自己	0.47649842500686646 0.4784514009952545 0.6247003078460693 0.5623229742050171 0.4632733464241028
[0, 1, 0, 0, 1]	[1, 0, 1, 1, 0]	錯過 也是因為時機不合適	0.5119965672492981 0.4736570119857788 0.619478166103363 0.5771588087081909 0.4410121738910675
[1, 1, 0, 0, 0]	[0, 0, 1, 1, 0]	先抓到問題的核心 然後直覺的快速地找尋相關聯的因果關係	0.49233606457710266 0.45986080169677734 0.6102860569953918 0.5862277150154114 0.4170280694961548
[1, 0, 0, 0, 0]	[0, 0, 1, 1, 0]	根據上面快速的找出相關聯的因果關係後 用更大的框架 在依照邏輯 常識去做排列 增減跟刪除.	0.48207342624664307 0.4639222025871277 0.6069916486740112 0.5741258263587952 0.41487473249435425
[1, 0, 0, 1, 0]	[0, 0, 1, 1, 0]	擇善固執	0.48301932215690613 0.4852069318294525 0.6013432145118713 0.535600483417511 0.4499356746673584
[0, 1, 0, 1, 0]	[0, 0, 1, 1, 0]	不會特意迎合別人 忠於自己的想法	0.49419161677360535 0.4760209619998932 0.6000808477401733 0.5656189322471619 0.41140738129615784
[0, 0, 0, 1, 0]	[0, 0, 1, 1, 0]	想法創意很多 所以有很多嘗試的方式不一定要別的	0.49366486072540283 0.45745277404785156 0.6157316565513611 0.5742413401603699 0.42502766847610474
[0, 0, 0, 0, 1]	[0, 0, 1, 1, 0]	敏感讓我可以結合自身經驗 透過細微的觀察(表情變化、肢體語言、講話口氣) 了解身邊的人的需求	0.47895732522010803 0.4661150872707367 0.6315596103668213 0.5705692768096924 0.42379841208457947
[0, 0, 0, 0, 1]	[0, 0, 1, 1, 0]	敏感讓我感知到別人的情緒讓我多了同理心	0.47837626934051514 0.4456423223018646 0.6126924753189087 0.5762771964073181 0.4199463427066803
[0, 0, 0, 0, 1]	[0, 0, 1, 1, 0]	敏感讓我開始向內去覺察我所敏感的事哪些是自己真的在意的 也許有一部份僅僅只是感受	0.4750339388847351 0.4616204798221588 0.6031139492988586 0.5867230296134949 0.43181753158569336
[0, 0, 0, 0, 1]	[0, 0, 1, 1, 0]	抽空冥想大腦安靜了那些感受也消失了	0.49017763137817383 0.4588296413421631 0.6181192398071289 0.5945726633071899 0.43567270040512085
[0, 0, 0, 0, 1]	[0, 0, 1, 1, 0]	心思細膩 懂得察言觀色 察覺團體內的氛圍與變動	0.47112759947776794 0.4737609326839447 0.5959721207618713 0.5712167620658875 0.4234391450881958
[0, 0, 0, 0, 1]	[0, 0, 1, 1, 0]	在決定之前 不僅深思熟慮 還瞻前顧後 一定會仔細考慮每個決定可能造成的後果 仔細分析做這件事對自己的影響、對他人的影響	0.48630112409591675 0.4658324420452118 0.6232942342758179 0.5758770704269409 0.43006858229637146
[0, 0, 0, 0, 1]	[0, 0, 1, 1, 0]	當發生不順自己的事情時 我會先讓自己冷靜下來後 再去思考問題點在哪？是什麼樣的感覺勾起自己的不愉快經驗 自己就能明白了	0.48149341344833374 0.4693301320075989 0.6141180992126465 0.5709300637245178 0.431599885225296
[0, 0, 0, 0, 1]	[0, 0, 1, 1, 0]	很多時候是受原生家庭影響 我的成長過程大多是順著父母的意思的 自己沒有一點空間、想法 造就了我遇到一些重大事件就會回家請父母幫助 現在面對小孩的問題時 我會想起這個問題點 試著讓孩子自己做決定、處理自己的事情 學會對自己負責。	0.47547778487205505 0.44619020819664 0.6182786226272583 0.5810940861701965 0.4298592209815979
[0, 0, 0, 0, 1]	[0, 0, 1, 1, 0]	現在覺察的能力慢慢的進步 在很多時候能立即感受自己的情緒 面對和自己不同想法、作法的人都能先用理解、接納的方式來對待 這也是我學習到很重要的一點。	0.47846806049346924 0.45484110713005066 0.6194145083427429 0.5791752934455872 0.4142167270183563
[0, 0, 0, 0, 1]	[0, 0, 1, 1, 0]	害怕表現 不希望目光聚焦在自己身上	0.4979148209095001 0.4781602919101715 0.6098984479904175 0.5655907392501831 0.42910465598106384
[0, 0, 0, 0, 1]	[0, 0, 1, 1, 0]	覺得不真實 覺得我表現出來的樣子不是真正的我 是假裝堅強的我	0.4954985976219177 0.4601643681526184 0.6114936470985413 0.5619455575942993 0.43320581316947937
[0, 0, 0, 0, 1]	[0, 0, 1, 1, 0]	害怕負責任 怕答應的事做不到	0.4823265075683594 0.4806258976459503 0.6181080937385559 0.5676904320716858 0.43394067883491516
[0, 0, 0, 0, 1]	[0, 0, 1, 1, 0]	不敢下決定 怕事後反悔或結果不合意	0.48000237345695496 0.48908671736717224 0.5973489880561829 0.5619544982910156 0.4381231963634491
[0, 0, 0, 0, 1]	[0, 0, 1, 1, 0]	害怕失敗 怕被笑; 誰笑?媽媽	0.46155017614364624 0.47362759709358215 0.613287627696991 0.5637373328208923 0.4166983962059021
[0, 0, 0, 0, 1]	[0, 0, 1, 1, 0]	所以我克服恐懼去挑戰潛水、衝浪、跳傘	0.4763641059398651 0.4776046574115753 0.6197539567947388 0.5555856227874756 0.4272242486476898
[0, 0, 0, 0, 1]	[0, 0, 1, 1, 0]	這表示我會做好規劃而行動 不容易衝動	0.4812425374984741 0.473167359828949 0.598721444606781 0.5598849058151245 0.4439704716205597
[0, 0, 0, 0, 1]	[0, 0, 1, 1, 0]	這表示我願意學習跟面對自己的不完美	0.4735916554927826 0.4684552848339081 0.6071699857711792 0.5750946998596191 0.43360063433647156
[0, 0, 0, 0, 1]	[0, 0, 1, 1, 0]	這表示我不會佔據別人的功勞並真心祝福他人獲得成功	0.4773213267326355 0.454487681388855 0.6148369908332825 0.5554467439651489 0.4309431314468384
[0, 0, 0, 0, 1]	[1, 0, 1, 1, 0]	這表示我會鼓勵我自己勇敢與堅強	0.5027862787246704 0.4736005961894989 0.611907958984375 0.5663546919822693 0.4402739405632019
[0, 0, 0, 1, 0]	[0, 0, 1, 1, 0]	藉由察覺及接受對方的不一樣 剛好可以去了解關於人世間 更多面向的存在 豐富自己在地球上更多的體驗。	0.48411405086517334 0.4601292014122009 0.6276749968528748 0.5810859799385071 0.4228558838367462
[0, 0, 0, 1, 0]	[0, 0, 1, 1, 0]	藉由發現對方與自己的不一樣 也剛好可以檢視自己內在的信念與標準 是否真的依然值得繼續帶在身上或是該再進化了呢?	0.48109906911849976 0.4740467369556427 0.6161759495735168 0.5840157866477966 0.42831799387931824
[0, 0, 0, 1, 0]	[0, 0, 1, 1, 0]	藉由看對方不順眼 去覺察自己是否也具有類似的特質 其實自己也看自己不順眼。	0.48882007598876953 0.4776507616043091 0.606334388256073 0.5775089263916016 0.42449480295181274
[0, 0, 0, 0, 1]	[1, 0, 1, 1, 0]	不讓壞情緒造成更大傷害	0.5065857172012329 0.45989349484443665 0.6216322779655457 0.5740964412689209 0.4504627287387848
[0, 0, 0, 0, 1]	[0, 0, 1, 1, 0]	好好沈澱思考後 再闡述自己的情況	0.48712489008903503 0.46775001287460327 0.6109563708305359 0.5722901225090027 0.4224510192871094
[0, 0, 0, 0, 1]	[0, 0, 1, 1, 0]	試著用第三者的角度去觀察自己	0.47663065791130066 0.46018633246421814 0.611731231212616 0.5748869776725769 0.4338197708129883
[1, 0, 0, 0, 0]	[0, 0, 1, 1, 0]	這表示我可以適時適所善用能量	0.47670891880989075 0.452530175447464 0.6227596998214722 0.5692167282104492 0.43464523553848267
[1, 0, 0, 0, 0]	[0, 0, 1, 1, 0]	這表示我可以在人海中找到契合的人	0.47301965951919556 0.4615531265735626 0.6204093098640442 0.574277937412262 0.4375569522380829
[1, 0, 0, 0, 0]	[0, 0, 1, 1, 0]	這表示我的靈魂有趨吉避凶的雷達	0.4874834418296814 0.47414523363113403 0.6116299033164978 0.574272096157074 0.41790658235549927
[0, 1, 0, 0, 0]	[0, 0, 1, 1, 0]	這表示你總是能將金錢化為喜歡的模樣 用來體驗各式各樣不同的經驗	0.4808046221733093 0.4718411862850189 0.61670982837677 0.5574002265930176 0.4337158799171448
[0, 1, 0, 0, 0]	[0, 0, 1, 1, 0]	這表示你會去欣賞這世界上美好的事物 懂得把握當下 沒有匱乏感	0.4698038399219513 0.4778735041618347 0.606513500213623 0.5595575571060181 0.4267054796218872
[0, 1, 0, 0, 0]	[0, 0, 1, 1, 0]	這表示你需要的金錢數量 總是會出現。	0.4795767068862915 0.46471965312957764 0.6068206429481506 0.5647758841514587 0.44563421607017517
[0, 1, 0, 0, 0]	[0, 0, 1, 1, 0]	這表示你重視學習 重視成長 願意用金錢去交換。	0.4875808358192444 0.4563899636268616 0.6156901121139526 0.5748437643051147 0.4341388940811157
[0, 1, 0, 0, 0]	[0, 0, 1, 1, 0]	這表示你懂得看見別人的付出 願意用金錢去肯定別人的努力。	0.47327926754951477 0.4592216908931732 0.6161342263221741 0.561251163482666 0.4266698658466339
[0, 1, 0, 0, 0]	[0, 0, 1, 1, 0]	這表示你的家庭給予你足夠的支持	0.48530149459838867 0.4858458638191223 0.6174290180206299 0.5783323645591736 0.4207002520561218
[0, 1, 0, 0, 0]	[0, 0, 1, 1, 0]	這表示我很重視朋友和自己可以完成工作的信任	0.4914846122264862 0.46160200238227844 0.6094270944595337 0.5792829990386963 0.4306837320327759
[0, 1, 0, 0, 0]	[0, 0, 1, 1, 0]	這表示我很注重工作細節可以順利完成	0.4940895438194275 0.4662611186504364 0.6273584961891174 0.5923635959625244 0.42425742745399475
[0, 1, 0, 0, 0]	[0, 0, 1, 1, 0]	這表示我很值得信任並且看好自己的能力	0.4806980490684509 0.46662482619285583 0.6061362028121948 0.5608103275299072 0.43760091066360474
